ds,y
2026-04-01 7:56:00,
2026-04-01 8:01:00,60
2026-04-01 8:06:00,75
2026-04-01 8:11:00,130
2026-04-01 8:16:00,125
2026-04-01 8:21:00,165
2026-04-01 8:26:00,165
2026-04-01 8:31:00,180
2026-04-01 8:36:00,180
2026-04-01 8:41:00,180
2026-04-01 8:46:00,180
2026-04-01 8:51:00,180
2026-04-01 8:56:00,180
2026-04-01 9:01:00,180
2026-04-01 9:06:00,180
2026-04-01 9:11:00,180
2026-04-01 9:16:00,180
2026-04-01 9:21:00,180
2026-04-01 9:26:00,180
2026-04-01 9:31:00,180
2026-04-01 9:36:00,180
2026-04-01 9:41:00,180
2026-04-01 9:46:00,180
2026-04-01 9:51:00,180
2026-04-01 9:56:00,180
2026-04-01 10:01:00,180
2026-04-01 10:06:00,165
2026-04-01 10:11:00,165
2026-04-01 10:16:00,165
2026-04-01 10:21:00,165
2026-04-01 10:26:00,165
2026-04-01 10:31:00,165
2026-04-01 10:36:00,135
2026-04-01 10:41:00,135
2026-04-01 10:46:00,135
2026-04-01 10:51:00,135
2026-04-01 10:56:00,135
2026-04-01 11:01:00,135
2026-04-01 11:06:00,135
2026-04-01 11:11:00,120
2026-04-01 11:16:00,120
2026-04-01 11:21:00,120
2026-04-01 11:26:00,120
2026-04-01 11:31:00,120
2026-04-01 11:36:00,120
2026-04-01 11:41:00,120
2026-04-01 11:46:00,120
2026-04-01 11:51:00,120
2026-04-01 11:56:00,120
2026-04-01 12:01:00,140
2026-04-01 12:06:00,165
2026-04-01 12:11:00,165
2026-04-01 12:16:00,165
2026-04-01 12:21:00,165
2026-04-01 12:26:00,165
2026-04-01 12:31:00,145
2026-04-01 12:36:00,145
2026-04-01 12:41:00,130
2026-04-01 12:46:00,130
2026-04-01 12:51:00,130
2026-04-01 12:56:00,130
2026-04-01 13:01:00,130
2026-04-01 13:06:00,130
2026-04-01 13:11:00,130
2026-04-01 13:16:00,130
2026-04-01 13:21:00,130
2026-04-01 13:26:00,130
2026-04-01 13:31:00,130
2026-04-01 13:36:00,130
2026-04-01 13:41:00,130
2026-04-01 13:46:00,130
2026-04-01 13:51:00,130
2026-04-01 13:56:00,130
2026-04-01 14:01:00,130
2026-04-01 14:06:00,130
2026-04-01 14:11:00,130
2026-04-01 14:16:00,130
2026-04-01 14:21:00,130
2026-04-01 14:26:00,130
2026-04-01 14:31:00,130
2026-04-01 14:36:00,130
2026-04-01 14:41:00,130
2026-04-01 14:46:00,130
2026-04-01 14:51:00,130
2026-04-01 14:56:00,130
2026-04-01 15:01:00,130
2026-04-01 15:06:00,130
2026-04-01 15:11:00,130
2026-04-01 15:16:00,130
2026-04-01 15:21:00,130
2026-04-01 15:26:00,130
2026-04-01 15:31:00,130
2026-04-01 15:36:00,130
2026-04-01 15:41:00,115
2026-04-01 15:46:00,115
2026-04-01 15:51:00,115
2026-04-01 15:56:00,115
2026-04-01 16:01:00,115
2026-04-01 16:06:00,115
2026-04-01 16:11:00,115
2026-04-01 16:16:00,115
2026-04-01 16:21:00,115
2026-04-01 16:26:00,115
2026-04-01 16:31:00,115
2026-04-01 16:36:00,115
2026-04-01 16:41:00,115
2026-04-01 16:46:00,115
2026-04-01 16:51:00,115
2026-04-01 16:56:00,115
2026-04-01 17:01:00,115
2026-04-01 17:06:00,115
2026-04-01 17:11:00,115
2026-04-01 17:16:00,115
2026-04-01 17:21:00,115
2026-04-01 17:26:00,125
2026-04-01 17:31:00,125
2026-04-01 17:36:00,125
2026-04-01 17:41:00,125
2026-04-01 17:46:00,125
2026-04-01 17:51:00,125
2026-04-01 17:56:00,125
2026-04-01 18:01:00,125
2026-04-01 18:06:00,125
2026-04-01 18:11:00,125
2026-04-01 18:16:00,125
2026-04-01 18:21:00,125
2026-04-01 18:26:00,125
2026-04-01 18:31:00,125
2026-04-01 18:36:00,125
2026-04-01 18:41:00,125
2026-04-01 18:46:00,125
2026-04-01 18:51:00,125
2026-04-01 18:56:00,125
2026-04-01 19:01:00,125
2026-04-01 19:06:00,125
2026-04-01 19:11:00,125
2026-04-01 19:16:00,125
2026-04-01 19:21:00,140
2026-04-01 19:26:00,140
2026-04-01 19:31:00,140
2026-04-01 19:36:00,140
2026-04-01 19:41:00,140
2026-04-01 19:46:00,140
2026-04-01 19:51:00,140
2026-04-01 19:56:00,140
2026-04-01 20:01:00,140
2026-04-01 20:06:00,120
2026-04-01 20:11:00,120
2026-04-01 20:16:00,120
2026-04-01 20:21:00,120
2026-04-01 20:26:00,120
2026-04-01 20:31:00,120
2026-04-01 20:36:00,120
2026-04-01 20:41:00,140
2026-04-01 20:46:00,140
2026-04-01 20:51:00,140
2026-04-01 20:56:00,140
2026-04-01 21:01:00,140
2026-04-01 21:06:00,140
2026-04-01 21:11:00,140
2026-04-01 21:16:00,140
2026-04-01 21:21:00,140
2026-04-01 21:26:00,140
2026-04-01 21:31:00,120
2026-04-01 21:36:00,120
2026-04-01 21:41:00,100
2026-04-01 21:46:00,100
2026-04-01 21:51:00,80
2026-04-01 21:56:00,80
2026-04-01 22:01:00,80
2026-04-01 22:06:00,
2026-04-02 7:56:00,
2026-04-02 8:01:00,
2026-04-02 8:06:00,60
2026-04-02 8:11:00,60
2026-04-02 8:16:00,120
2026-04-02 8:21:00,120
2026-04-02 8:26:00,160
2026-04-02 8:31:00,180
2026-04-02 8:36:00,200
2026-04-02 8:41:00,230
2026-04-02 8:46:00,230
2026-04-02 8:51:00,230
2026-04-02 8:56:00,230
2026-04-02 9:01:00,200
2026-04-02 9:06:00,200
2026-04-02 9:11:00,200
2026-04-02 9:16:00,200
2026-04-02 9:21:00,200
2026-04-02 9:26:00,200
2026-04-02 9:31:00,200
2026-04-02 9:36:00,200
2026-04-02 9:41:00,200
2026-04-02 9:46:00,200
2026-04-02 9:51:00,200
2026-04-02 9:56:00,200
2026-04-02 10:01:00,200
2026-04-02 10:06:00,200
2026-04-02 10:11:00,200
2026-04-02 10:16:00,200
2026-04-02 10:21:00,200
2026-04-02 10:26:00,200
2026-04-02 10:31:00,200
2026-04-02 10:36:00,200
2026-04-02 10:41:00,200
2026-04-02 10:46:00,200
2026-04-02 10:51:00,200
2026-04-02 10:56:00,200
2026-04-02 11:01:00,200
2026-04-02 11:06:00,200
2026-04-02 11:11:00,200
2026-04-02 11:16:00,200
2026-04-02 11:21:00,200
2026-04-02 11:26:00,200
2026-04-02 11:31:00,200
2026-04-02 11:36:00,200
2026-04-02 11:41:00,200
2026-04-02 11:46:00,200
2026-04-02 11:51:00,200
2026-04-02 11:56:00,200
2026-04-02 12:01:00,170
2026-04-02 12:06:00,170
2026-04-02 12:11:00,200
2026-04-02 12:16:00,200
2026-04-02 12:21:00,200
2026-04-02 12:26:00,200
2026-04-02 12:31:00,200
2026-04-02 12:36:00,200
2026-04-02 12:41:00,200
2026-04-02 12:46:00,200
2026-04-02 12:51:00,200
2026-04-02 12:56:00,200
2026-04-02 13:01:00,200
2026-04-02 13:06:00,200
2026-04-02 13:11:00,200
2026-04-02 13:16:00,200
2026-04-02 13:21:00,200
2026-04-02 13:26:00,220
2026-04-02 13:31:00,220
2026-04-02 13:36:00,220
2026-04-02 13:41:00,220
2026-04-02 13:46:00,220
2026-04-02 13:51:00,235
2026-04-02 13:56:00,235
2026-04-02 14:01:00,220
2026-04-02 14:06:00,220
2026-04-02 14:11:00,220
2026-04-02 14:16:00,220
2026-04-02 14:21:00,220
2026-04-02 14:26:00,190
2026-04-02 14:31:00,190
2026-04-02 14:36:00,190
2026-04-02 14:41:00,180
2026-04-02 14:46:00,180
2026-04-02 14:51:00,180
2026-04-02 14:56:00,180
2026-04-02 15:01:00,140
2026-04-02 15:06:00,140
2026-04-02 15:11:00,140
2026-04-02 15:16:00,140
2026-04-02 15:21:00,120
2026-04-02 15:26:00,110
2026-04-02 15:31:00,110
2026-04-02 15:36:00,110
2026-04-02 15:41:00,110
2026-04-02 15:46:00,110
2026-04-02 15:51:00,110
2026-04-02 15:56:00,110
2026-04-02 16:01:00,120
2026-04-02 16:06:00,135
2026-04-02 16:11:00,135
2026-04-02 16:16:00,145
2026-04-02 16:21:00,145
2026-04-02 16:26:00,145
2026-04-02 16:31:00,145
2026-04-02 16:36:00,145
2026-04-02 16:41:00,145
2026-04-02 16:46:00,145
2026-04-02 16:51:00,145
2026-04-02 16:56:00,145
2026-04-02 17:01:00,145
2026-04-02 17:06:00,145
2026-04-02 17:11:00,125
2026-04-02 17:16:00,125
2026-04-02 17:21:00,125
2026-04-02 17:26:00,125
2026-04-02 17:31:00,125
2026-04-02 17:36:00,125
2026-04-02 17:41:00,110
2026-04-02 17:46:00,110
2026-04-02 17:51:00,130
2026-04-02 17:56:00,130
2026-04-02 18:01:00,130
2026-04-02 18:06:00,130
2026-04-02 18:11:00,130
2026-04-02 18:16:00,130
2026-04-02 18:21:00,130
2026-04-02 18:26:00,120
2026-04-02 18:31:00,120
2026-04-02 18:36:00,120
2026-04-02 18:41:00,120
2026-04-02 18:46:00,110
2026-04-02 18:51:00,110
2026-04-02 18:56:00,100
2026-04-02 19:01:00,100
2026-04-02 19:06:00,100
2026-04-02 19:11:00,100
2026-04-02 19:16:00,100
2026-04-02 19:21:00,120
2026-04-02 19:26:00,120
2026-04-02 19:31:00,120
2026-04-02 19:36:00,140
2026-04-02 19:41:00,140
2026-04-02 19:46:00,140
2026-04-02 19:51:00,140
2026-04-02 19:56:00,140
2026-04-02 20:01:00,140
2026-04-02 20:06:00,130
2026-04-02 20:11:00,130
2026-04-02 20:16:00,130
2026-04-02 20:21:00,130
2026-04-02 20:26:00,130
2026-04-02 20:31:00,130
2026-04-02 20:36:00,130
2026-04-02 20:41:00,130
2026-04-02 20:46:00,130
2026-04-02 20:51:00,150
2026-04-02 20:56:00,150
2026-04-02 21:01:00,150
2026-04-02 21:06:00,150
2026-04-02 21:11:00,150
2026-04-02 21:16:00,150
2026-04-02 21:21:00,150
2026-04-02 21:26:00,120
2026-04-02 21:31:00,105
2026-04-02 21:36:00,105
2026-04-02 21:41:00,105
2026-04-02 21:46:00,90
2026-04-02 21:51:00,90
2026-04-02 21:56:00,75
2026-04-02 22:01:00,75
2026-04-02 22:06:00,
2026-04-03 7:56:00,
2026-04-03 8:01:00,60
2026-04-03 8:06:00,90
2026-04-03 8:11:00,90
2026-04-03 8:16:00,90
2026-04-03 8:21:00,120
2026-04-03 8:26:00,160
2026-04-03 8:31:00,160
2026-04-03 8:36:00,180
2026-04-03 8:41:00,180
2026-04-03 8:46:00,180
2026-04-03 8:51:00,180
2026-04-03 8:56:00,180
2026-04-03 9:01:00,180
2026-04-03 9:06:00,180
2026-04-03 9:11:00,180
2026-04-03 9:16:00,180
2026-04-03 9:21:00,220
2026-04-03 9:26:00,250
2026-04-03 9:31:00,250
2026-04-03 9:36:00,250
2026-04-03 9:41:00,250
2026-04-03 9:46:00,220
2026-04-03 9:51:00,220
2026-04-03 9:56:00,220
2026-04-03 10:01:00,220
2026-04-03 10:06:00,220
2026-04-03 10:11:00,200
2026-04-03 10:16:00,200
2026-04-03 10:21:00,180
2026-04-03 10:26:00,180
2026-04-03 10:31:00,180
2026-04-03 10:36:00,180
2026-04-03 10:41:00,180
2026-04-03 10:46:00,180
2026-04-03 10:51:00,160
2026-04-03 10:56:00,160
2026-04-03 11:01:00,160
2026-04-03 11:06:00,160
2026-04-03 11:11:00,140
2026-04-03 11:16:00,140
2026-04-03 11:21:00,140
2026-04-03 11:26:00,140
2026-04-03 11:31:00,140
2026-04-03 11:36:00,140
2026-04-03 11:41:00,160
2026-04-03 11:46:00,160
2026-04-03 11:51:00,160
2026-04-03 11:56:00,180
2026-04-03 12:01:00,195
2026-04-03 12:06:00,195
2026-04-03 12:11:00,195
2026-04-03 12:16:00,195
2026-04-03 12:21:00,195
2026-04-03 12:26:00,195
2026-04-03 12:31:00,170
2026-04-03 12:36:00,170
2026-04-03 12:41:00,170
2026-04-03 12:46:00,170
2026-04-03 12:51:00,170
2026-04-03 12:56:00,150
2026-04-03 13:01:00,150
2026-04-03 13:06:00,120
2026-04-03 13:11:00,120
2026-04-03 13:16:00,120
2026-04-03 13:21:00,120
2026-04-03 13:26:00,120
2026-04-03 13:31:00,120
2026-04-03 13:36:00,120
2026-04-03 13:41:00,120
2026-04-03 13:46:00,120
2026-04-03 13:51:00,120
2026-04-03 13:56:00,120
2026-04-03 14:01:00,120
2026-04-03 14:06:00,120
2026-04-03 14:11:00,120
2026-04-03 14:16:00,110
2026-04-03 14:21:00,110
2026-04-03 14:26:00,110
2026-04-03 14:31:00,110
2026-04-03 14:36:00,110
2026-04-03 14:41:00,110
2026-04-03 14:46:00,110
2026-04-03 14:51:00,110
2026-04-03 14:56:00,110
2026-04-03 15:01:00,110
2026-04-03 15:06:00,110
2026-04-03 15:11:00,110
2026-04-03 15:16:00,110
2026-04-03 15:21:00,110
2026-04-03 15:26:00,135
2026-04-03 15:31:00,135
2026-04-03 15:36:00,150
2026-04-03 15:41:00,150
2026-04-03 15:46:00,150
2026-04-03 15:51:00,150
2026-04-03 15:56:00,180
2026-04-03 16:01:00,180
2026-04-03 16:06:00,180
2026-04-03 16:11:00,180
2026-04-03 16:16:00,180
2026-04-03 16:21:00,180
2026-04-03 16:26:00,180
2026-04-03 16:31:00,180
2026-04-03 16:36:00,180
2026-04-03 16:41:00,180
2026-04-03 16:46:00,180
2026-04-03 16:51:00,180
2026-04-03 16:56:00,160
2026-04-03 17:01:00,160
2026-04-03 17:06:00,160
2026-04-03 17:11:00,160
2026-04-03 17:16:00,160
2026-04-03 17:21:00,160
2026-04-03 17:26:00,160
2026-04-03 17:31:00,160
2026-04-03 17:36:00,160
2026-04-03 17:41:00,160
2026-04-03 17:46:00,160
2026-04-03 17:51:00,160
2026-04-03 17:56:00,160
2026-04-03 18:01:00,160
2026-04-03 18:06:00,160
2026-04-03 18:11:00,170
2026-04-03 18:16:00,170
2026-04-03 18:21:00,170
2026-04-03 18:26:00,170
2026-04-03 18:31:00,170
2026-04-03 18:36:00,170
2026-04-03 18:41:00,170
2026-04-03 18:46:00,170
2026-04-03 18:51:00,170
2026-04-03 18:56:00,170
2026-04-03 19:01:00,120
2026-04-03 19:06:00,120
2026-04-03 19:11:00,120
2026-04-03 19:16:00,170
2026-04-03 19:21:00,170
2026-04-03 19:26:00,170
2026-04-03 19:31:00,170
2026-04-03 19:36:00,170
2026-04-03 19:41:00,170
2026-04-03 19:46:00,170
2026-04-03 19:51:00,170
2026-04-03 19:56:00,170
2026-04-03 20:01:00,170
2026-04-03 20:06:00,160
2026-04-03 20:11:00,160
2026-04-03 20:16:00,160
2026-04-03 20:21:00,160
2026-04-03 20:26:00,160
2026-04-03 20:31:00,160
2026-04-03 20:36:00,160
2026-04-03 20:41:00,160
2026-04-03 20:46:00,150
2026-04-03 20:51:00,150
2026-04-03 20:56:00,135
2026-04-03 21:01:00,135
2026-04-03 21:06:00,120
2026-04-03 21:11:00,110
2026-04-03 21:16:00,110
2026-04-03 21:21:00,100
2026-04-03 21:26:00,100
2026-04-03 21:31:00,100
2026-04-03 21:36:00,100
2026-04-03 21:41:00,100
2026-04-03 21:46:00,80
2026-04-03 21:51:00,80
2026-04-03 21:56:00,60
2026-04-03 22:01:00,60
2026-04-03 22:06:00,60
2026-04-04 7:56:00,
2026-04-04 8:01:00,60
2026-04-04 8:06:00,75
2026-04-04 8:11:00,90
2026-04-04 8:16:00,90
2026-04-04 8:21:00,105
2026-04-04 8:26:00,135
2026-04-04 8:31:00,135
2026-04-04 8:36:00,135
2026-04-04 8:41:00,135
2026-04-04 8:46:00,135
2026-04-04 8:51:00,150
2026-04-04 8:56:00,150
2026-04-04 9:01:00,150
2026-04-04 9:06:00,150
2026-04-04 9:11:00,150
2026-04-04 9:16:00,180
2026-04-04 9:21:00,180
2026-04-04 9:26:00,180
2026-04-04 9:31:00,180
2026-04-04 9:36:00,180
2026-04-04 9:41:00,180
2026-04-04 9:46:00,180
2026-04-04 9:51:00,180
2026-04-04 9:56:00,180
2026-04-04 10:01:00,180
2026-04-04 10:06:00,180
2026-04-04 10:11:00,180
2026-04-04 10:16:00,180
2026-04-04 10:21:00,180
2026-04-04 10:26:00,180
2026-04-04 10:31:00,180
2026-04-04 10:36:00,180
2026-04-04 10:41:00,180
2026-04-04 10:46:00,180
2026-04-04 10:51:00,180
2026-04-04 10:56:00,180
2026-04-04 11:01:00,180
2026-04-04 11:06:00,180
2026-04-04 11:11:00,180
2026-04-04 11:16:00,150
2026-04-04 11:21:00,150
2026-04-04 11:26:00,150
2026-04-04 11:31:00,150
2026-04-04 11:36:00,150
2026-04-04 11:41:00,150
2026-04-04 11:46:00,150
2026-04-04 11:51:00,150
2026-04-04 11:56:00,150
2026-04-04 12:01:00,150
2026-04-04 12:06:00,150
2026-04-04 12:11:00,150
2026-04-04 12:16:00,150
2026-04-04 12:21:00,135
2026-04-04 12:26:00,135
2026-04-04 12:31:00,135
2026-04-04 12:36:00,135
2026-04-04 12:41:00,120
2026-04-04 12:46:00,120
2026-04-04 12:51:00,120
2026-04-04 12:56:00,120
2026-04-04 13:01:00,120
2026-04-04 13:06:00,120
2026-04-04 13:11:00,120
2026-04-04 13:16:00,120
2026-04-04 13:21:00,120
2026-04-04 13:26:00,120
2026-04-04 13:31:00,120
2026-04-04 13:36:00,120
2026-04-04 13:41:00,120
2026-04-04 13:46:00,105
2026-04-04 13:51:00,105
2026-04-04 13:56:00,105
2026-04-04 14:01:00,105
2026-04-04 14:06:00,105
2026-04-04 14:11:00,105
2026-04-04 14:16:00,105
2026-04-04 14:21:00,95
2026-04-04 14:26:00,95
2026-04-04 14:31:00,95
2026-04-04 14:36:00,95
2026-04-04 14:41:00,95
2026-04-04 14:46:00,105
2026-04-04 14:51:00,105
2026-04-04 14:56:00,105
2026-04-04 15:01:00,130
2026-04-04 15:06:00,130
2026-04-04 15:11:00,130
2026-04-04 15:16:00,130
2026-04-04 15:21:00,130
2026-04-04 15:26:00,130
2026-04-04 15:31:00,130
2026-04-04 15:36:00,130
2026-04-04 15:41:00,130
2026-04-04 15:46:00,130
2026-04-04 15:51:00,130
2026-04-04 15:56:00,130
2026-04-04 16:01:00,130
2026-04-04 16:06:00,130
2026-04-04 16:11:00,130
2026-04-04 16:16:00,130
2026-04-04 16:21:00,130
2026-04-04 16:26:00,130
2026-04-04 16:31:00,130
2026-04-04 16:36:00,130
2026-04-04 16:41:00,130
2026-04-04 16:46:00,130
2026-04-04 16:51:00,130
2026-04-04 16:56:00,130
2026-04-04 17:01:00,130
2026-04-04 17:06:00,130
2026-04-04 17:11:00,130
2026-04-04 17:16:00,130
2026-04-04 17:21:00,130
2026-04-04 17:26:00,100
2026-04-04 17:31:00,100
2026-04-04 17:36:00,100
2026-04-04 17:41:00,100
2026-04-04 17:46:00,100
2026-04-04 17:51:00,100
2026-04-04 17:56:00,150
2026-04-04 18:01:00,150
2026-04-04 18:06:00,120
2026-04-04 18:11:00,100
2026-04-04 18:16:00,100
2026-04-04 18:21:00,100
2026-04-04 18:26:00,100
2026-04-04 18:31:00,100
2026-04-04 18:36:00,100
2026-04-04 18:41:00,100
2026-04-04 18:46:00,130
2026-04-04 18:51:00,110
2026-04-04 18:56:00,110
2026-04-04 19:01:00,110
2026-04-04 19:06:00,110
2026-04-04 19:11:00,110
2026-04-04 19:16:00,110
2026-04-04 19:21:00,110
2026-04-04 19:26:00,110
2026-04-04 19:31:00,110
2026-04-04 19:36:00,110
2026-04-04 19:41:00,110
2026-04-04 19:46:00,110
2026-04-04 19:51:00,110
2026-04-04 19:56:00,110
2026-04-04 20:01:00,110
2026-04-04 20:06:00,110
2026-04-04 20:11:00,110
2026-04-04 20:16:00,110
2026-04-04 20:21:00,110
2026-04-04 20:26:00,90
2026-04-04 20:31:00,90
2026-04-04 20:36:00,60
2026-04-04 20:41:00,60
2026-04-04 20:46:00,60
2026-04-04 20:51:00,60
2026-04-04 20:56:00,60
2026-04-04 21:01:00,60
2026-04-04 21:06:00,60
2026-04-04 21:11:00,
2026-04-04 21:16:00,
2026-04-04 21:21:00,
2026-04-04 21:26:00,
2026-04-04 21:31:00,
2026-04-04 21:36:00,
2026-04-04 21:41:00,
2026-04-04 21:46:00,
2026-04-04 21:51:00,
2026-04-04 21:56:00,
2026-04-04 22:01:00,
2026-04-04 22:06:00,
2026-04-06 7:56:00,
2026-04-06 8:01:00,
2026-04-06 8:06:00,
2026-04-06 8:11:00,
2026-04-06 8:16:00,
2026-04-06 8:21:00,
2026-04-06 8:26:00,
2026-04-06 8:31:00,
2026-04-06 8:36:00,
2026-04-06 8:41:00,
2026-04-06 8:46:00,175
2026-04-06 8:51:00,190
2026-04-06 8:56:00,190
2026-04-06 9:01:00,190
2026-04-06 9:06:00,190
2026-04-06 9:11:00,210
2026-04-06 9:16:00,210
2026-04-06 9:21:00,210
2026-04-06 9:26:00,210
2026-04-06 9:31:00,210
2026-04-06 9:36:00,210
2026-04-06 9:41:00,210
2026-04-06 9:46:00,210
2026-04-06 9:51:00,210
2026-04-06 9:56:00,210
2026-04-06 10:01:00,210
2026-04-06 10:06:00,210
2026-04-06 10:11:00,210
2026-04-06 10:16:00,210
2026-04-06 10:21:00,210
2026-04-06 10:26:00,210
2026-04-06 10:31:00,210
2026-04-06 10:36:00,210
2026-04-06 10:41:00,210
2026-04-06 10:46:00,210
2026-04-06 10:51:00,210
2026-04-06 10:56:00,210
2026-04-06 11:01:00,190
2026-04-06 11:06:00,190
2026-04-06 11:11:00,190
2026-04-06 11:16:00,190
2026-04-06 11:21:00,190
2026-04-06 11:26:00,190
2026-04-06 11:31:00,190
2026-04-06 11:36:00,190
2026-04-06 11:41:00,190
2026-04-06 11:46:00,190
2026-04-06 11:51:00,190
2026-04-06 11:56:00,190
2026-04-06 12:01:00,190
2026-04-06 12:06:00,210
2026-04-06 12:11:00,210
2026-04-06 12:16:00,210
2026-04-06 12:21:00,210
2026-04-06 12:26:00,150
2026-04-06 12:31:00,120
2026-04-06 12:36:00,120
2026-04-06 12:41:00,120
2026-04-06 12:46:00,120
2026-04-06 12:51:00,120
2026-04-06 12:56:00,120
2026-04-06 13:01:00,140
2026-04-06 13:06:00,140
2026-04-06 13:11:00,140
2026-04-06 13:16:00,140
2026-04-06 13:21:00,140
2026-04-06 13:26:00,140
2026-04-06 13:31:00,140
2026-04-06 13:36:00,140
2026-04-06 13:41:00,140
2026-04-06 13:46:00,140
2026-04-06 13:51:00,160
2026-04-06 13:56:00,160
2026-04-06 14:01:00,160
2026-04-06 14:06:00,150
2026-04-06 14:11:00,150
2026-04-06 14:16:00,150
2026-04-06 14:21:00,150
2026-04-06 14:26:00,135
2026-04-06 14:31:00,135
2026-04-06 14:36:00,135
2026-04-06 14:41:00,135
2026-04-06 14:46:00,135
2026-04-06 14:51:00,135
2026-04-06 14:56:00,135
2026-04-06 15:01:00,135
2026-04-06 15:06:00,135
2026-04-06 15:11:00,135
2026-04-06 15:16:00,135
2026-04-06 15:21:00,135
2026-04-06 15:26:00,135
2026-04-06 15:31:00,135
2026-04-06 15:36:00,135
2026-04-06 15:41:00,135
2026-04-06 15:46:00,135
2026-04-06 15:51:00,135
2026-04-06 15:56:00,135
2026-04-06 16:01:00,135
2026-04-06 16:06:00,135
2026-04-06 16:11:00,135
2026-04-06 16:16:00,135
2026-04-06 16:21:00,135
2026-04-06 16:26:00,135
2026-04-06 16:31:00,135
2026-04-06 16:36:00,135
2026-04-06 16:41:00,135
2026-04-06 16:46:00,135
2026-04-06 16:51:00,135
2026-04-06 16:56:00,135
2026-04-06 17:01:00,135
2026-04-06 17:06:00,135
2026-04-06 17:11:00,55
2026-04-06 17:16:00,40
2026-04-06 17:21:00,40
2026-04-06 17:26:00,60
2026-04-06 17:31:00,60
2026-04-06 17:36:00,60
2026-04-06 17:41:00,60
2026-04-06 17:46:00,60
2026-04-06 17:51:00,60
2026-04-06 17:56:00,60
2026-04-06 18:01:00,60
2026-04-06 18:06:00,60
2026-04-06 18:11:00,60
2026-04-06 18:16:00,60
2026-04-06 18:21:00,60
2026-04-06 18:26:00,60
2026-04-06 18:31:00,60
2026-04-06 18:36:00,60
2026-04-06 18:41:00,60
2026-04-06 18:46:00,60
2026-04-06 18:51:00,60
2026-04-06 18:56:00,60
2026-04-06 19:01:00,60
2026-04-06 19:06:00,60
2026-04-06 19:11:00,60
2026-04-06 19:16:00,60
2026-04-06 19:21:00,60
2026-04-06 19:26:00,60
2026-04-06 19:31:00,60
2026-04-06 19:36:00,60
2026-04-06 19:41:00,60
2026-04-06 19:46:00,60
2026-04-06 19:51:00,60
2026-04-06 19:56:00,60
2026-04-06 20:01:00,60
2026-04-06 20:06:00,60
2026-04-06 20:11:00,60
2026-04-06 20:16:00,60
2026-04-06 20:21:00,60
2026-04-06 20:26:00,60
2026-04-06 20:31:00,60
2026-04-06 20:36:00,60
2026-04-06 20:41:00,60
2026-04-06 20:46:00,60
2026-04-06 20:51:00,60
2026-04-06 20:56:00,60
2026-04-06 21:01:00,60
2026-04-06 21:06:00,60
2026-04-06 21:11:00,60
2026-04-06 21:16:00,
2026-04-06 21:21:00,
2026-04-06 21:26:00,
2026-04-06 21:31:00,
2026-04-06 21:36:00,
2026-04-06 21:41:00,
2026-04-06 21:46:00,
2026-04-06 21:51:00,
2026-04-06 21:56:00,
2026-04-06 22:01:00,
2026-04-06 22:06:00,
2026-04-07 7:56:00,
2026-04-07 8:01:00,30
2026-04-07 8:06:00,45
2026-04-07 8:11:00,45
2026-04-07 8:16:00,130
2026-04-07 8:21:00,150
2026-04-07 8:26:00,150
2026-04-07 8:31:00,150
2026-04-07 8:36:00,170
2026-04-07 8:41:00,170
2026-04-07 8:46:00,170
2026-04-07 8:51:00,170
2026-04-07 8:56:00,170
2026-04-07 9:01:00,170
2026-04-07 9:06:00,170
2026-04-07 9:11:00,170
2026-04-07 9:16:00,170
2026-04-07 9:21:00,170
2026-04-07 9:26:00,170
2026-04-07 9:31:00,170
2026-04-07 9:36:00,170
2026-04-07 9:41:00,170
2026-04-07 9:46:00,170
2026-04-07 9:51:00,170
2026-04-07 9:56:00,170
2026-04-07 10:01:00,170
2026-04-07 10:06:00,170
2026-04-07 10:11:00,170
2026-04-07 10:16:00,170
2026-04-07 10:21:00,170
2026-04-07 10:26:00,170
2026-04-07 10:31:00,170
2026-04-07 10:36:00,170
2026-04-07 10:41:00,170
2026-04-07 10:46:00,170
2026-04-07 10:51:00,170
2026-04-07 10:56:00,170
2026-04-07 11:01:00,170
2026-04-07 11:06:00,170
2026-04-07 11:11:00,170
2026-04-07 11:16:00,170
2026-04-07 11:21:00,170
2026-04-07 11:26:00,170
2026-04-07 11:31:00,170
2026-04-07 11:36:00,170
2026-04-07 11:41:00,170
2026-04-07 11:46:00,170
2026-04-07 11:51:00,170
2026-04-07 11:56:00,170
2026-04-07 12:01:00,170
2026-04-07 12:06:00,170
2026-04-07 12:11:00,160
2026-04-07 12:16:00,160
2026-04-07 12:21:00,160
2026-04-07 12:26:00,160
2026-04-07 12:31:00,160
2026-04-07 12:36:00,160
2026-04-07 12:41:00,160
2026-04-07 12:46:00,160
2026-04-07 12:51:00,160
2026-04-07 12:56:00,160
2026-04-07 13:01:00,160
2026-04-07 13:06:00,145
2026-04-07 13:11:00,145
2026-04-07 13:16:00,145
2026-04-07 13:21:00,130
2026-04-07 13:26:00,130
2026-04-07 13:31:00,130
2026-04-07 13:36:00,130
2026-04-07 13:41:00,130
2026-04-07 13:46:00,110
2026-04-07 13:51:00,110
2026-04-07 13:56:00,95
2026-04-07 14:01:00,95
2026-04-07 14:06:00,95
2026-04-07 14:11:00,95
2026-04-07 14:16:00,95
2026-04-07 14:21:00,95
2026-04-07 14:26:00,95
2026-04-07 14:31:00,95
2026-04-07 14:36:00,110
2026-04-07 14:41:00,110
2026-04-07 14:46:00,110
2026-04-07 14:51:00,120
2026-04-07 14:56:00,120
2026-04-07 15:01:00,120
2026-04-07 15:06:00,120
2026-04-07 15:11:00,130
2026-04-07 15:16:00,130
2026-04-07 15:21:00,130
2026-04-07 15:26:00,130
2026-04-07 15:31:00,130
2026-04-07 15:36:00,130
2026-04-07 15:41:00,130
2026-04-07 15:46:00,130
2026-04-07 15:51:00,130
2026-04-07 15:56:00,150
2026-04-07 16:01:00,150
2026-04-07 16:06:00,150
2026-04-07 16:11:00,150
2026-04-07 16:16:00,150
2026-04-07 16:21:00,150
2026-04-07 16:26:00,135
2026-04-07 16:31:00,135
2026-04-07 16:36:00,135
2026-04-07 16:41:00,135
2026-04-07 16:46:00,135
2026-04-07 16:51:00,135
2026-04-07 16:56:00,135
2026-04-07 17:01:00,135
2026-04-07 17:06:00,135
2026-04-07 17:11:00,135
2026-04-07 17:16:00,135
2026-04-07 17:21:00,135
2026-04-07 17:26:00,135
2026-04-07 17:31:00,135
2026-04-07 17:36:00,135
2026-04-07 17:41:00,135
2026-04-07 17:46:00,120
2026-04-07 17:51:00,120
2026-04-07 17:56:00,120
2026-04-07 18:01:00,120
2026-04-07 18:06:00,120
2026-04-07 18:11:00,
2026-04-07 18:16:00,135
2026-04-07 18:21:00,135
2026-04-07 18:26:00,135
2026-04-07 18:31:00,135
2026-04-07 18:36:00,135
2026-04-07 18:41:00,135
2026-04-07 18:46:00,135
2026-04-07 18:51:00,135
2026-04-07 18:56:00,135
2026-04-07 19:01:00,135
2026-04-07 19:06:00,135
2026-04-07 19:11:00,135
2026-04-07 19:16:00,135
2026-04-07 19:21:00,135
2026-04-07 19:26:00,135
2026-04-07 19:31:00,135
2026-04-07 19:36:00,135
2026-04-07 19:41:00,135
2026-04-07 19:46:00,135
2026-04-07 19:51:00,135
2026-04-07 19:56:00,135
2026-04-07 20:01:00,135
2026-04-07 20:06:00,135
2026-04-07 20:11:00,135
2026-04-07 20:16:00,135
2026-04-07 20:21:00,120
2026-04-07 20:26:00,120
2026-04-07 20:31:00,120
2026-04-07 20:36:00,100
2026-04-07 20:41:00,100
2026-04-07 20:46:00,100
2026-04-07 20:51:00,100
2026-04-07 20:56:00,100
2026-04-07 21:01:00,60
2026-04-07 21:06:00,
2026-04-07 21:11:00,
2026-04-07 21:16:00,
2026-04-07 21:21:00,
2026-04-07 21:26:00,
2026-04-07 21:31:00,
2026-04-07 21:36:00,
2026-04-07 21:41:00,
2026-04-07 21:46:00,
2026-04-07 21:51:00,
2026-04-07 21:56:00,
2026-04-07 22:01:00,
2026-04-07 22:06:00,
2026-04-08 7:56:00,
2026-04-08 8:01:00,
2026-04-08 8:06:00,
2026-04-08 8:11:00,90
2026-04-08 8:16:00,100
2026-04-08 8:21:00,120
2026-04-08 8:26:00,135
2026-04-08 8:31:00,135
2026-04-08 8:36:00,245
2026-04-08 8:41:00,200
2026-04-08 8:46:00,200
2026-04-08 8:51:00,200
2026-04-08 8:56:00,200
2026-04-08 9:01:00,200
2026-04-08 9:06:00,200
2026-04-08 9:11:00,200
2026-04-08 9:16:00,200
2026-04-08 9:21:00,200
2026-04-08 9:26:00,200
2026-04-08 9:31:00,210
2026-04-08 9:36:00,210
2026-04-08 9:41:00,210
2026-04-08 9:46:00,210
2026-04-08 9:51:00,210
2026-04-08 9:56:00,210
2026-04-08 10:01:00,210
2026-04-08 10:06:00,210
2026-04-08 10:11:00,210
2026-04-08 10:16:00,210
2026-04-08 10:21:00,210
2026-04-08 10:26:00,210
2026-04-08 10:31:00,210
2026-04-08 10:36:00,210
2026-04-08 10:41:00,210
2026-04-08 10:46:00,210
2026-04-08 10:51:00,190
2026-04-08 10:56:00,190
2026-04-08 11:01:00,190
2026-04-08 11:06:00,190
2026-04-08 11:11:00,190
2026-04-08 11:16:00,190
2026-04-08 11:21:00,190
2026-04-08 11:26:00,190
2026-04-08 11:31:00,190
2026-04-08 11:36:00,190
2026-04-08 11:41:00,190
2026-04-08 11:46:00,190
2026-04-08 11:51:00,190
2026-04-08 11:56:00,190
2026-04-08 12:01:00,190
2026-04-08 12:06:00,190
2026-04-08 12:11:00,190
2026-04-08 12:16:00,190
2026-04-08 12:21:00,190
2026-04-08 12:26:00,190
2026-04-08 12:31:00,190
2026-04-08 12:36:00,190
2026-04-08 12:41:00,190
2026-04-08 12:46:00,190
2026-04-08 12:51:00,190
2026-04-08 12:56:00,190
2026-04-08 13:01:00,190
2026-04-08 13:06:00,190
2026-04-08 13:11:00,190
2026-04-08 13:16:00,190
2026-04-08 13:21:00,190
2026-04-08 13:26:00,190
2026-04-08 13:31:00,190
2026-04-08 13:36:00,205
2026-04-08 13:41:00,205
2026-04-08 13:46:00,205
2026-04-08 13:51:00,205
2026-04-08 13:56:00,205
2026-04-08 14:01:00,205
2026-04-08 14:06:00,240
2026-04-08 14:11:00,240
2026-04-08 14:16:00,240
2026-04-08 14:21:00,240
2026-04-08 14:26:00,240
2026-04-08 14:31:00,200
2026-04-08 14:36:00,200
2026-04-08 14:41:00,200
2026-04-08 14:46:00,170
2026-04-08 14:51:00,170
2026-04-08 14:56:00,140
2026-04-08 15:01:00,140
2026-04-08 15:06:00,140
2026-04-08 15:11:00,140
2026-04-08 15:16:00,140
2026-04-08 15:21:00,140
2026-04-08 15:26:00,140
2026-04-08 15:31:00,140
2026-04-08 15:36:00,150
2026-04-08 15:41:00,150
2026-04-08 15:46:00,150
2026-04-08 15:51:00,150
2026-04-08 15:56:00,150
2026-04-08 16:01:00,150
2026-04-08 16:06:00,160
2026-04-08 16:11:00,175
2026-04-08 16:16:00,175
2026-04-08 16:21:00,175
2026-04-08 16:26:00,175
2026-04-08 16:31:00,175
2026-04-08 16:36:00,175
2026-04-08 16:41:00,175
2026-04-08 16:46:00,175
2026-04-08 16:51:00,175
2026-04-08 16:56:00,175
2026-04-08 17:01:00,175
2026-04-08 17:06:00,175
2026-04-08 17:11:00,175
2026-04-08 17:16:00,175
2026-04-08 17:21:00,175
2026-04-08 17:26:00,175
2026-04-08 17:31:00,175
2026-04-08 17:36:00,175
2026-04-08 17:41:00,175
2026-04-08 17:46:00,175
2026-04-08 17:51:00,175
2026-04-08 17:56:00,150
2026-04-08 18:01:00,150
2026-04-08 18:06:00,150
2026-04-08 18:11:00,150
2026-04-08 18:16:00,150
2026-04-08 18:21:00,135
2026-04-08 18:26:00,135
2026-04-08 18:31:00,125
2026-04-08 18:36:00,125
2026-04-08 18:41:00,115
2026-04-08 18:46:00,100
2026-04-08 18:51:00,100
2026-04-08 18:56:00,80
2026-04-08 19:01:00,80
2026-04-08 19:06:00,80
2026-04-08 19:11:00,80
2026-04-08 19:16:00,80
2026-04-08 19:21:00,80
2026-04-08 19:26:00,115
2026-04-08 19:31:00,115
2026-04-08 19:36:00,115
2026-04-08 19:41:00,140
2026-04-08 19:46:00,140
2026-04-08 19:51:00,140
2026-04-08 19:56:00,140
2026-04-08 20:01:00,140
2026-04-08 20:06:00,140
2026-04-08 20:11:00,140
2026-04-08 20:16:00,140
2026-04-08 20:21:00,
2026-04-08 20:26:00,
2026-04-08 20:31:00,
2026-04-08 20:36:00,
2026-04-08 20:41:00,
2026-04-08 20:46:00,
2026-04-08 20:51:00,
2026-04-08 20:56:00,
2026-04-08 21:01:00,
2026-04-08 21:06:00,
2026-04-08 21:11:00,
2026-04-08 21:16:00,
2026-04-08 21:21:00,
2026-04-08 21:26:00,
2026-04-08 21:31:00,
2026-04-08 21:36:00,
2026-04-08 21:41:00,
2026-04-08 21:46:00,
2026-04-08 21:51:00,
2026-04-08 21:56:00,
2026-04-08 22:01:00,
2026-04-08 22:06:00,
2026-04-09 7:56:00,
2026-04-09 8:01:00,
2026-04-09 8:06:00,
2026-04-09 8:11:00,
2026-04-09 8:16:00,120
2026-04-09 8:21:00,150
2026-04-09 8:26:00,180
2026-04-09 8:31:00,180
2026-04-09 8:36:00,
2026-04-09 8:41:00,
2026-04-09 8:46:00,
2026-04-09 8:51:00,
2026-04-09 8:56:00,
2026-04-09 9:01:00,
2026-04-09 9:06:00,
2026-04-09 9:11:00,
2026-04-09 9:16:00,
2026-04-09 9:21:00,
2026-04-09 9:26:00,
2026-04-09 9:31:00,
2026-04-09 9:36:00,
2026-04-09 9:41:00,120
2026-04-09 9:46:00,120
2026-04-09 9:51:00,120
2026-04-09 9:56:00,120
2026-04-09 10:01:00,120
2026-04-09 10:06:00,180
2026-04-09 10:11:00,200
2026-04-09 10:16:00,200
2026-04-09 10:21:00,200
2026-04-09 10:26:00,240
2026-04-09 10:31:00,240
2026-04-09 10:36:00,240
2026-04-09 10:41:00,240
2026-04-09 10:46:00,240
2026-04-09 10:51:00,240
2026-04-09 10:56:00,240
2026-04-09 11:01:00,240
2026-04-09 11:06:00,240
2026-04-09 11:11:00,240
2026-04-09 11:16:00,240
2026-04-09 11:21:00,240
2026-04-09 11:26:00,200
2026-04-09 11:31:00,200
2026-04-09 11:36:00,200
2026-04-09 11:41:00,200
2026-04-09 11:46:00,200
2026-04-09 11:51:00,200
2026-04-09 11:56:00,200
2026-04-09 12:01:00,200
2026-04-09 12:06:00,200
2026-04-09 12:11:00,200
2026-04-09 12:16:00,200
2026-04-09 12:21:00,200
2026-04-09 12:26:00,200
2026-04-09 12:31:00,200
2026-04-09 12:36:00,200
2026-04-09 12:41:00,200
2026-04-09 12:46:00,200
2026-04-09 12:51:00,200
2026-04-09 12:56:00,200
2026-04-09 13:01:00,200
2026-04-09 13:06:00,200
2026-04-09 13:11:00,200
2026-04-09 13:16:00,200
2026-04-09 13:21:00,200
2026-04-09 13:26:00,200
2026-04-09 13:31:00,200
2026-04-09 13:36:00,200
2026-04-09 13:41:00,200
2026-04-09 13:46:00,200
2026-04-09 13:51:00,170
2026-04-09 13:56:00,170
2026-04-09 14:01:00,170
2026-04-09 14:06:00,150
2026-04-09 14:11:00,150
2026-04-09 14:16:00,150
2026-04-09 14:21:00,150
2026-04-09 14:26:00,150
2026-04-09 14:31:00,150
2026-04-09 14:36:00,150
2026-04-09 14:41:00,150
2026-04-09 14:46:00,150
2026-04-09 14:51:00,150
2026-04-09 14:56:00,150
2026-04-09 15:01:00,150
2026-04-09 15:06:00,150
2026-04-09 15:11:00,150
2026-04-09 15:16:00,150
2026-04-09 15:21:00,150
2026-04-09 15:26:00,150
2026-04-09 15:31:00,150
2026-04-09 15:36:00,180
2026-04-09 15:41:00,180
2026-04-09 15:46:00,180
2026-04-09 15:51:00,180
2026-04-09 15:56:00,180
2026-04-09 16:01:00,180
2026-04-09 16:06:00,150
2026-04-09 16:11:00,150
2026-04-09 16:16:00,135
2026-04-09 16:21:00,135
2026-04-09 16:26:00,105
2026-04-09 16:31:00,105
2026-04-09 16:36:00,105
2026-04-09 16:41:00,105
2026-04-09 16:46:00,105
2026-04-09 16:51:00,105
2026-04-09 16:56:00,105
2026-04-09 17:01:00,105
2026-04-09 17:06:00,105
2026-04-09 17:11:00,105
2026-04-09 17:16:00,115
2026-04-09 17:21:00,115
2026-04-09 17:26:00,115
2026-04-09 17:31:00,
2026-04-09 17:36:00,
2026-04-09 17:41:00,
2026-04-09 17:46:00,
2026-04-09 17:51:00,
2026-04-09 17:56:00,
2026-04-09 18:01:00,
2026-04-09 18:06:00,
2026-04-09 18:11:00,
2026-04-09 18:16:00,
2026-04-09 18:21:00,
2026-04-09 18:26:00,
2026-04-09 18:31:00,
2026-04-09 18:36:00,
2026-04-09 18:41:00,
2026-04-09 18:46:00,
2026-04-09 18:51:00,
2026-04-09 18:56:00,
2026-04-09 19:01:00,
2026-04-09 19:06:00,
2026-04-09 19:11:00,
2026-04-09 19:16:00,
2026-04-09 19:21:00,
2026-04-09 19:26:00,
2026-04-09 19:31:00,
2026-04-09 19:36:00,
2026-04-09 19:41:00,
2026-04-09 19:46:00,
2026-04-09 19:51:00,
2026-04-09 19:56:00,
2026-04-09 20:01:00,45
2026-04-09 20:06:00,60
2026-04-09 20:11:00,110
2026-04-09 20:16:00,110
2026-04-09 20:21:00,110
2026-04-09 20:26:00,125
2026-04-09 20:31:00,150
2026-04-09 20:36:00,150
2026-04-09 20:41:00,150
2026-04-09 20:46:00,175
2026-04-09 20:51:00,175
2026-04-09 20:56:00,175
2026-04-09 21:01:00,175
2026-04-09 21:06:00,
2026-04-09 21:11:00,
2026-04-09 21:16:00,
2026-04-09 21:21:00,
2026-04-09 21:26:00,
2026-04-09 21:31:00,
2026-04-09 21:36:00,
2026-04-09 21:41:00,
2026-04-09 21:46:00,
2026-04-09 21:51:00,
2026-04-09 21:56:00,
2026-04-09 22:01:00,
2026-04-09 22:06:00,
2026-04-10 7:56:00,45
2026-04-10 8:01:00,45
2026-04-10 8:06:00,80
2026-04-10 8:11:00,100
2026-04-10 8:16:00,120
2026-04-10 8:21:00,120
2026-04-10 8:26:00,120
2026-04-10 8:31:00,150
2026-04-10 8:36:00,150
2026-04-10 8:41:00,175
2026-04-10 8:46:00,175
2026-04-10 8:51:00,175
2026-04-10 8:56:00,175
2026-04-10 9:01:00,175
2026-04-10 9:06:00,175
2026-04-10 9:11:00,175
2026-04-10 9:16:00,175
2026-04-10 9:21:00,175
2026-04-10 9:26:00,190
2026-04-10 9:31:00,190
2026-04-10 9:36:00,190
2026-04-10 9:41:00,190
2026-04-10 9:46:00,190
2026-04-10 9:51:00,190
2026-04-10 9:56:00,190
2026-04-10 10:01:00,190
2026-04-10 10:06:00,190
2026-04-10 10:11:00,190
2026-04-10 10:16:00,190
2026-04-10 10:21:00,190
2026-04-10 10:26:00,190
2026-04-10 10:31:00,190
2026-04-10 10:36:00,190
2026-04-10 10:41:00,190
2026-04-10 10:46:00,190
2026-04-10 10:51:00,190
2026-04-10 10:56:00,190
2026-04-10 11:01:00,190
2026-04-10 11:06:00,150
2026-04-10 11:11:00,150
2026-04-10 11:16:00,150
2026-04-10 11:21:00,150
2026-04-10 11:26:00,150
2026-04-10 11:31:00,150
2026-04-10 11:36:00,150
2026-04-10 11:41:00,150
2026-04-10 11:46:00,150
2026-04-10 11:51:00,150
2026-04-10 11:56:00,150
2026-04-10 12:01:00,150
2026-04-10 12:06:00,150
2026-04-10 12:11:00,150
2026-04-10 12:16:00,150
2026-04-10 12:21:00,150
2026-04-10 12:26:00,150
2026-04-10 12:31:00,150
2026-04-10 12:36:00,150
2026-04-10 12:41:00,150
2026-04-10 12:46:00,180
2026-04-10 12:51:00,180
2026-04-10 12:56:00,180
2026-04-10 13:01:00,180
2026-04-10 13:06:00,160
2026-04-10 13:11:00,160
2026-04-10 13:16:00,160
2026-04-10 13:21:00,160
2026-04-10 13:26:00,160
2026-04-10 13:31:00,160
2026-04-10 13:36:00,160
2026-04-10 13:41:00,160
2026-04-10 13:46:00,160
2026-04-10 13:51:00,160
2026-04-10 13:56:00,160
2026-04-10 14:01:00,160
2026-04-10 14:06:00,160
2026-04-10 14:11:00,160
2026-04-10 14:16:00,160
2026-04-10 14:21:00,160
2026-04-10 14:26:00,160
2026-04-10 14:31:00,200
2026-04-10 14:36:00,180
2026-04-10 14:41:00,
2026-04-10 14:46:00,
2026-04-10 14:51:00,
2026-04-10 14:56:00,
2026-04-10 15:01:00,
2026-04-10 15:06:00,
2026-04-10 15:11:00,90
2026-04-10 15:16:00,90
2026-04-10 15:21:00,90
2026-04-10 15:26:00,90
2026-04-10 15:31:00,90
2026-04-10 15:36:00,120
2026-04-10 15:41:00,120
2026-04-10 15:46:00,120
2026-04-10 15:51:00,
2026-04-10 15:56:00,
2026-04-10 16:01:00,
2026-04-10 16:06:00,
2026-04-10 16:11:00,
2026-04-10 16:16:00,
2026-04-10 16:21:00,
2026-04-10 16:26:00,
2026-04-10 16:31:00,
2026-04-10 16:36:00,
2026-04-10 16:41:00,
2026-04-10 16:46:00,
2026-04-10 16:51:00,
2026-04-10 16:56:00,
2026-04-10 17:01:00,
2026-04-10 17:06:00,
2026-04-10 17:11:00,
2026-04-10 17:16:00,90
2026-04-10 17:21:00,90
2026-04-10 17:26:00,90
2026-04-10 17:31:00,90
2026-04-10 17:36:00,90
2026-04-10 17:41:00,120
2026-04-10 17:46:00,130
2026-04-10 17:51:00,130
2026-04-10 17:56:00,130
2026-04-10 18:01:00,140
2026-04-10 18:06:00,140
2026-04-10 18:11:00,140
2026-04-10 18:16:00,140
2026-04-10 18:21:00,140
2026-04-10 18:26:00,140
2026-04-10 18:31:00,140
2026-04-10 18:36:00,140
2026-04-10 18:41:00,140
2026-04-10 18:46:00,140
2026-04-10 18:51:00,160
2026-04-10 18:56:00,160
2026-04-10 19:01:00,160
2026-04-10 19:06:00,160
2026-04-10 19:11:00,200
2026-04-10 19:16:00,200
2026-04-10 19:21:00,200
2026-04-10 19:26:00,200
2026-04-10 19:31:00,200
2026-04-10 19:36:00,200
2026-04-10 19:41:00,200
2026-04-10 19:46:00,200
2026-04-10 19:51:00,200
2026-04-10 19:56:00,200
2026-04-10 20:01:00,200
2026-04-10 20:06:00,
2026-04-10 20:11:00,
2026-04-10 20:16:00,
2026-04-10 20:21:00,
2026-04-10 20:26:00,
2026-04-10 20:31:00,
2026-04-10 20:36:00,
2026-04-10 20:41:00,
2026-04-10 20:46:00,
2026-04-10 20:51:00,
2026-04-10 20:56:00,
2026-04-10 21:01:00,
2026-04-10 21:06:00,
2026-04-10 21:11:00,
2026-04-10 21:16:00,
2026-04-10 21:21:00,
2026-04-10 21:26:00,
2026-04-10 21:31:00,
2026-04-10 21:36:00,
2026-04-10 21:41:00,
2026-04-10 21:46:00,
2026-04-10 21:51:00,
2026-04-10 21:56:00,
2026-04-10 22:01:00,
2026-04-10 22:06:00,